dog,Meaty Bits Dog Chow,15
dog,Lil Meats Puppy Chow,13
dog,Schmacko Dog Treats,5
dog,Super Squeaky Ball,3
dog,Cosy Canine Dog Bed,30
cat,Kitty Bitties Kibble,12
cat,Whisker Wet Food,8
cat,Yummies Cat Treats,4
cat,Royalty Cat Tree,40
cat,Cuddly Cosy Cat bed,20
rabbit,Bunny Mansion Hutch,60
rabbit,Compressed Hay Bale,6
rabbit,No Stink! Sawdust,4
rabbit,Carrot Chew/Knaw Toy,1
rabbit,Small Drinking bottle,2
freesample,dog,Crunchies Dog Cookies
freesample,cat,PusenPuffs Cat Treats
freesample,rabbit,Dried Strawberry Rabbit Treats